# 常用例子

# 左右查询

左连接where只影响右表，右连接where只影响左表。

`select * from tb1 left join tbl2 where tbl1.ID = tbl2.ID` 左连接后的检索结果是显示tbl1的所有数据和tbl2中满足where条件的数据。`select * from tbl1 right join tbl2 where tbl1.ID = tbl2.ID`检索结果是tbl2的所有数据和tbl1中满足where条件的数据。`select * from tbl1 inner join tbl2 on tbl1.ID = TBL2.ID` 与 `select * from tbl1 where tbl1.id = tbl2.id` 的功能是一样的。

1. where子句中使用的连接语句，在数据库评议中，被称为隐性连接。
2. inner join....on 子句产生的连接称为显性连接。
3. where和inner产生的连接关系，没有本质区别，结果也一样。但是!隐性连接随着数据库评议的规范和发展，已经逐渐被淘汰。


# JOIN连接
JOIN连接分为内连接(INNDER JOIN)、左连接(LEFT JOIN)、右连接(RIGHT JOIN)、外连接(全连接、FULL JOIN、FULL OUTER JOIN)。

![](https://pic1.zhimg.com/80/v2-8512a4aa273cbcd8ffcba52ed33e47be_hd.jpg)

1. 内连接会返回两张表里都有的
2. 左连接会返回左表里的全部数据及右表中有的数据，没有的以NULL代替。并把所有需要的列组成一个新表(需要使用别名)。
3. 右连接会返回右表里的全部数据及左表中有的数据，没有的以NULL代替。并把所有需要的列组成一个新表(需要使用别名)。
4. 外连接会返回两张表里所有的记录，没有值的以NULL代替。
5. MySQL不支持FULL OUTER JOIN,可以使用LEFT JOIN和UNION来达到相同的效果;

<pre>
mysql> SELECT * 
    -> FROM Table_A
    -> LEFT JOIN Table_B 
    -> ON Table_A.PK = Table_B.PK
    -> UNION ALL
    -> SELECT *
    -> FROM Table_A
    -> RIGHT JOIN Table_B 
    -> ON Table_A.PK = Table_B.PK
    -> WHERE Table_A.PK IS NULL;
+------+---------+------+---------+
| PK   | Value   | PK   | Value   |
+------+---------+------+---------+
|    1 | both ab |    1 | both ba |
|    2 | only a  | NULL | NULL    |
| NULL | NULL    |    3 | only b  |
+------+---------+------+---------+
</pre>

## 延伸用法
### LEFT JOIN EXCLUDING INNER JOIN
返回左表有但右表没有关联数据的记录集。
![](https://pic1.zhimg.com/80/v2-c970ae28d2ad6d3d8c30cc9b872fe9f8_hd.jpg)

**示例查询**
<pre>
SELECT A.PK AS A_PK, B.PK AS B_PK,
       A.Value AS A_Value, B.Value AS B_Value
FROM Table_A A
LEFT JOIN Table_B B
ON A.PK = B.PK
WHERE B.PK IS NULL;
</pre>

**查询结果**
<pre>
+------+------+---------+---------+
| A_PK | B_PK | A_Value | B_Value |
+------+------+---------+---------+
|    2 | NULL | only a  | NULL    |
+------+------+---------+---------+
1 row in set (0.01 sec)
</pre>

### FULL OUTER JOIN EXCLUDING INNER JOIN
返回左表和右表里没有相互关联的记录集

![](https://pic2.zhimg.com/80/v2-7f436f14e03af359c857f0a52db9f415_hd.jpg)

**示例查询**
<pre>
SELECT A.PK AS A_PK, B.PK AS B_PK,
       A.Value AS A_Value, B.Value AS B_Value
FROM Table_A A
FULL OUTER JOIN Table_B B
ON A.PK = B.PK
WHERE A.PK IS NULL
OR B.PK IS NULL;
</pre>

**查询结果**
<pre>
+------+--------+------+--------+
| PK   | Value  | PK   | Value  |
+------+--------+------+--------+
|    2 | only a | NULL | NULL   |
| NULL | NULL   |    3 | only b |
+------+--------+------+--------+
2 rows in set (0.00 sec)
</pre>

## 总结

![](https://pic1.zhimg.com/80/v2-4a6a3d98fda78a91ff69970dc2ae9f77_hd.jpg)

![](https://pic2.zhimg.com/80/v2-ead84fbe726cf1c0a3ef6a04cb81017e_hd.jpg)

